{
  "DFT": {
    "math_oai": [
      51.0,
      51.6125,
      60.0625,
      64.175,
      63.2625,
      64.9875,
      64.0875,
      62.35000000000001,
      62.9375,
      62.025,
      62.8875,
      61.25,
      63.212500000000006,
      62.575,
      62.8,
      62.8625,
      62.925,
      63.1125
    ],
    "minerva_math": [
      15.6625,
      17.475,
      21.2125,
      24.775,
      22.08125,
      24.775,
      24.268749999999997,
      23.112499999999997,
      22.5875,
      21.55625,
      20.93125,
      20.5,
      21.76875,
      22.24375,
      23.16875,
      23.00625,
      23.11875,
      22.84375
    ],
    "olympiadbench": [
      19.46875,
      17.768749999999997,
      22.875,
      27.4375,
      26.30625,
      27.95625,
      27.75625,
      26.50625,
      26.056250000000002,
      25.643749999999997,
      26.86875,
      25.925,
      27.275,
      26.99375,
      27.15,
      26.875,
      27.1,
      26.94375
    ],
    "aime24": [
      4.56875,
      1.0375,
      5.2124999999999995,
      8.943750000000001,
      8.125,
      6.4624999999999995,
      7.7125,
      6.88125,
      8.75,
      9.5875,
      7.0875,
      6.46875,
      7.925,
      6.043749999999999,
      7.4937499999999995,
      5.4125,
      4.800000000000001,
      7.08125
    ],
    "amc23": [
      23.75,
      28.90625,
      30.15625,
      33.28125,
      31.5625,
      37.8125,
      38.90625,
      35.0,
      36.09375,
      34.53125,
      31.875,
      35.78125,
      32.96875,
      32.5,
      33.90625,
      32.96875,
      32.65625,
      31.71875
    ]
  },
  "SFT": {
    "math_oai": [
      20.625,
      35.3375,
      38.9375,
      40.175,
      41.362500000000004,
      40.5,
      41.275,
      40.5125,
      42.974999999999994,
      41.775000000000006,
      41.75,
      43.162499999999994,
      42.9125,
      43.075,
      43.7,
      43.3125,
      43.4,
      43.837500000000006
    ],
    "minerva_math": [
      5.2875,
      9.21875,
      10.825,
      11.15,
      12.637500000000001,
      11.925,
      11.6375,
      10.8125,
      11.31875,
      11.51875,
      11.3,
      11.69375,
      12.34375,
      11.88125,
      11.90625,
      12.175,
      11.40625,
      11.087499999999999
    ],
    "olympiadbench": [
      5.89375,
      10.075000000000001,
      10.6125,
      11.35625,
      12.09375,
      11.31875,
      11.53125,
      10.81875,
      12.94375,
      11.55,
      11.9375,
      13.03125,
      12.48125,
      13.15625,
      13.0625,
      13.1875,
      13.049999999999999,
      12.775
    ],
    "aime24": [
      1.2374999999999998,
      1.03125,
      0.6187499999999999,
      0.6187499999999999,
      2.4937500000000004,
      0.825,
      1.6625,
      0.4125,
      0.825,
      0.6187499999999999,
      2.08125,
      1.2374999999999998,
      2.075,
      1.45625,
      1.04375,
      0.4125,
      1.8562499999999997,
      0.6187499999999999
    ],
    "amc23": [
      8.125,
      14.0625,
      14.21875,
      14.84375,
      17.8125,
      17.65625,
      16.5625,
      15.46875,
      16.25,
      18.90625,
      18.28125,
      14.6875,
      18.125,
      17.65625,
      15.46875,
      15.9375,
      16.71875,
      18.125
    ]
  }
}